Aluno,Tipo do resíduo,Material,O que ocorre com o resíduo depois,Resíduo é essencial,,
Aline,Embalagem de Detergente,Plástico,Reciclagem,TRUE,Sim,
Aline,Tubo de Papel Higiênico,Papelão,Reciclagem,TRUE,Sim,
Aline,Embalagem de Chocolate,Papel,Reciclagem,TRUE,Sim,
Aline,Bandeija de Carne ,Isopor,Aterro ou reciclagem,TRUE,Sim,
Aline,Bandeija de Carne ,Isopor,Aterro ou reciclagem,TRUE,Sim,
Aline,Embalagem de Sabonete Líquido,Plástico,Reciclagem,TRUE,Sim,
Aline,Fralda de Cachorro,Algodão,Aterro,FALSE,Não,
Aline,Embalagem de Leite Condensado,Metal,Aterro ou reciclagem,TRUE,Sim,
Aline,Embalagem de Trança Doce,Isopor,Reciclagem,TRUE,Sim,
Aline,Caixa de suco,Papelão,Reciclagem,TRUE,Sim,
Aline,Embalagem de água de coco,Plástico,Reciclagem,TRUE,Sim,
Aline,Embalagem de Café,Papel,Reciclagem,TRUE,Sim,
Aline,Garrafa de Leite,Plástico,Reciclagem,TRUE,Sim,
Aline,Garrafa de Leite,Plástico,Reciclagem,TRUE,Sim,
Aline,Embalagem de remédio,Papelão,Reciclagem,TRUE,Sim,
Aline,Embalagem de Iogurte,Plástico,Reciclagem,TRUE,Sim,
Aline,Embalagem de Iogurte,Plástico,Reciclagem,TRUE,Sim,
Aline,Embalagem de mercadoria,Papelão,Reciclagem,TRUE,Sim,
Aline,Garrafa de Água mineral,Plástico,Reciclagem,FALSE,Não,
Aline,Embalagem de componente eletrônico,Papelão,Reciclagem,TRUE,Sim,
Aline,Bandeja de Carne ,Isopor,Aterro ou reciclagem,TRUE,Sim,
Aline,Embalagem de Farinha,Papel,Reciclagem,TRUE,Sim,
Aline,Caixa de suco,Papelão,Reciclagem,TRUE,Sim,
Aline,Embalagem de Feijão,Plástico,Reciclagem,TRUE,Sim,
Aline,Bandeja de Peixe,Isopor,Aterro ou reciclagem,TRUE,Sim,
Aline,Embalagem de Morango,Plástico,Reciclagem,TRUE,Sim,
Aline,Embalagem de remédio,Papelão,Reciclagem,TRUE,Sim,
Aline,Bandeija de Carne ,Isopor,Aterro ou reciclagem,TRUE,Sim,
Aline,Bandeija de Carne ,Isopor,Aterro ou reciclagem,TRUE,Sim,
Aline,Bandeija de Carne ,Isopor,Aterro ou reciclagem,TRUE,Sim,
Aline,Bandeija de Carne ,Isopor,Aterro ou reciclagem,TRUE,Sim,
Aline,Garrafa de Leite,Plástico,Reciclagem,TRUE,Sim,
Aline,Tubo de Plástico Filme,Plástico,Reciclagem,TRUE,Sim,
Aline,Embalagem de Manteiga,Plástico,Reciclagem,TRUE,Sim,---
Derek,Areia de gato,Argila e minerais,Aterro,TRUE,Sim,---
Derek,Caixa de cotonete,Papelão + Plástico,Reciclagem,FALSE,Não,
Derek,Caixa de Leite,"Papel, Plástico e Alumínio",Aterro,TRUE,Sim,
Derek,Caixa de remédio,Papelão,Reciclagem,TRUE,Sim,
Derek,Cartela de remédio,Plástico + Alumínio,Aterro ou reciclagem,FALSE,Não,
Derek,Copo descartável,Plástico,Reciclagem,FALSE,Não,
Derek,Desodorante aerosol,Metal,Reciclagem,FALSE,Não,
Derek,Embalagens de comida,Plástico,Reciclagem,TRUE,Sim,
Derek,Filtro de café,Papel,Reciclagem,FALSE,Não,
Derek,Garrafa de vidro,Vidro,Reciclagem,FALSE,Não,
Derek,Garrafa de yogurte,Plástico,Aterro ou reciclagem,FALSE,Não,
Derek,Garrafa PET,Plástico,Reciclagem,FALSE,Não,
Derek,Panfletos,Papel,Reciclagem,FALSE,Não,
Derek,Papel higiênico,Papel,Aterro,TRUE,Sim,
Derek,Papel toalha,Papel,Aterro ou reciclagem,FALSE,Não,
Derek,Restos de comida em geral,Orgânico,Aterro,TRUE,Sim,
Derek,Rolo de papel higiênico,Papelão,Reciclagem,TRUE,Sim,
Derek,Rolo de papel toalha,Papelão,Reciclagem,FALSE,Não,
Derek,Sachê de suco,Alumínio,Reciclagem,FALSE,Não,
Derek,Sacola plástica,Plástico,Reciclagem,FALSE,Não,
Derek,Tampa de garrafa,Metal,Reciclagem,FALSE,Não,---
Gi,Embalagem de pão,Papel + plástico,Aterro ou reciclagem,Sim,Sim,---
Gi,Embalagem de manteiga,Plástico,Reciclagem,Não,Não,
Gi,Casca de ovo,Orgânico,Aterro,Sim,Sim,
Gi,Bandeja,Isopor,Aterro,Não,Não,
Gi,Plástico filme,Plástico,Aterro,Não,Não,
Gi,Bagaço pêra,Orgânico,Aterro,Sim,Sim,
Gi,Papel toalha,Papel,Aterro,Não,Não,
Gi,Papel higienico,Papel,Aterro,Sim,Sim,
Gi,Lenço umedecido,Tecido,Aterro,Não,Não,
Gi,Cápsula de café,Plástico,Reciclagem,Não,Não,
Gi,Cápsula de café,Plástico,Reciclagem,Não,Não,
Gi,Cartela de remédio,Plástico + Alumínio,Aterro ou reciclagem,Sim,Sim,
Gi,Capa da cartela de remedio,Papel,Reciclagem,Não,Não,
Gi,Saquinho (chocolate),Plástico,Reciclagem,Não,Não,
Gi,Copo,Plástico,Reciclagem,Não,Não,
Gi,Embalagem de sanduíche natural,Plástico,Reciclagem,Não,Não,
Gi,Absorvente,Plástico,Aterro,Não,Não,
Gi,Embalagem de chá,Plástico,Reciclagem,Não,Não,
Gi,Sachê de chá,Papel + orgânico,Aterro,Não,Não,
Gi,Caixa (encomenda),Papelão,Reciclagem,Não,Não,
Gi,Caixa de cápsula de café,Papel,Reciclagem,Não,Não,
Gi,Caixa de cápsula de café,Papel,Reciclagem,Não,Não,
Gi,Cápsula de café,Plástico,Reciclagem,Não,Não,
Gi,Saco de pão,Papel,Aterro ou reciclagem,Sim,Sim,
Gi,Casca de ovo,Orgânico,Aterro,Sim,Sim,
Gi,Saquinho (chocolate),Plástico,Reciclagem,Não,Não,
Gi,Cápsula de café,Plástico,Reciclagem,Não,Não,
Gi,Saco de pão de forma,Plástico,Reciclagem,Sim,Sim,
Gi,Cápsula de café,Plástico,Reciclagem,Não,Não,
Gi,Caixa de remédio,Papel,Reciclagem,Sim,Sim,
Gi,Lacre de pão,Plástico,Aterro,Não,Não,
Gi,Lacre de caixa de leite,Plástico,Reciclagem,Não,Não,
Gi,Lata de refrigerante,Alumínio,Reciclagem,Não,Não,
Gi,Casca de ovo,Orgânico,Aterro,Sim,Sim,
Gi,Cápsula de café,Plástico,Reciclagem,Não,Não,
Gi,Embalagem de chocolate,Plástico,Reciclagem,Não,Não,
Gi,2 cápsulas café,Plástico,Reciclagem,Não,Não,
Gi,3 copos descartáveis,Plástico,Reciclagem,Não,Não,
Gi,Caixa de papelão (encomenda),Papelão,Reciclagem,Não,Não,
Gi,Embalagem plástico,Plástico,Reciclagem,Não,Não,
Gi,Caixa de papelão cosmético,Papelão,Reciclagem,Não,Não,
Gi,Embalagem espuma de banho plástico,Plástico,Reciclagem,Não,Não,
Gi,Casca de ovo,Orgânico,Aterro,Sim,Sim,
Gi,Cápsula de café,Plástico,Reciclagem,Não,Não,
Gi,Embalagem hambúrguer,Papel,Aterro,Não,Não,
Gi,Caixa hambúrguer (limpa),Papelão,Reciclagem,Não,Não,
Gi,Caixa batata frita,Papelão,Aterro,Não,Não,
Gi,Lata refrigerante,Alumínio,Reciclagem,Não,Não,
Gi,Saco de papel,Papel,Reciclagem,Não,Não,
Gi,6 placas mdf,Madeira,Aterro,Não,Não,
Gi,Cápsula de café,Plástico,Reciclagem,Não,Não,
Gi,Casca de ovo,Orgânico,Aterro,Sim,Sim,
Gi,Casca de banana,Orgânico,Aterro,Sim,Sim,
Gi,Embalagem pão de mel,Plástico,Reciclagem,Não,Não,
Gi,Restos de alimento (casca de melão),Orgânico,Aterro,Sim,Sim,
Gi,Casca de ovo,Orgânico,Aterro,Sim,Sim,
Gi,Lata de refrigerante,Alumínio,Reciclagem,Não,Não,
Gi,Cápsula de café,Plástico,Reciclagem,Não,Não,
Gi,Casca de ovo,Orgânico,Aterro,Sim,Sim,
Gi,Caixa de ovo,Papelão,Reciclagem,Sim,Sim,
Gi,Cápsula de café,Plástico,Reciclagem,Não,Não,
Gi,Pacote de biscoito,Plástico,Reciclagem,Não,Não,
Gi,Saco de chocolate,Plástico,Reciclagem,Não,Não,
Gi,Pacote de biscoito,Plástico,Reciclagem,Não,Não,
Gi,Bagaço de pera,Orgânico,Aterro,Sim,Sim,---
Gui,Embalagem de desodorante,Plástico,Reciclagem,Sim,Sim,---
Gui,Lata de extrato de tomate,Metal,Reciclagem,Não,Não,
Gui,bandeja de isopor de frango,Isopor,Aterro,Não,Não,
Gui,Lata de mentos,Metal,Reciclagem,Não,Não,
Gui,papel toalha,Papel,Aterro,Não,Não,
Gui,Embalagem de iogurte,Plástico,Reciclagem,Não,Não,
Gui,Capa de celular ,Plástico,Aterro,Não,Não,
Gui,Papel de cartao de credito,Papel,Aterro,Não,Não,
Gui,Embalagem de papel de lanche,Papel,Reciclagem,Não,Não,
Gui,Embalagem de encomenda plastico,Plástico,Reciclagem,Não,Não,
Gui,Embalagem de iogurte,Plástico,Reciclagem,Não,Não,
Gui,Saco de papel marmita,Papel,Reciclagem,Não,Não,
Gui,Embalagem de isopor marmita,Isopor,Aterro,Não,Não,
Gui,Talheres de plástico,Plástico,Reciclagem,Não,Não,
Gui,Caixa de leite,Papel + plástico + alumínio,Reciclagem,Sim,Sim,
Gui,Caixa de pizza,Papelão,Aterro,Não,Não,
Gui,Caixa de leite,Papel + plástico + alumínio,Reciclagem,Sim,Sim,---
João,Caixa de pizza,Papelão,Aterro ou reciclagem,Não,Não,---
João,Caixa de ovo,Papelão,Reciclagem,Sim,Sim,
João,Caixa de leite,Papel + plástico + alumínio,Reciclagem,Sim,Sim,
João,Pote de iogurte de 2 L,Plástico,Reciclagem,Sim,Sim,
João,Guardanapo,Papel,Aterro,Não,Não,
João,Papel higiênico,Papel,Aterro,Sim,Sim,
João,Restos de comida,Orgânico,Aterro,Sim,Sim,
João,Embalagem de papelão,Papelão,Reciclagem,Não,Não,
João,Plástico da embalagem de entrega,Plástico,Reciclagem,Não,Não,
João,Embalagem de hambúrguer,Papel / Isopor,Aterro,Não,Não,
João,Embalagem de suco de laranja,Papel + plástico + alumínio,Reciclagem,Não,Não,
João,Bandeja de carne (isopor),Isopor,Aterro,Não,Não,
João,Papel de grudar pelo,Papel + plástico,Aterro,Não,Não,
João,Etiqueta de camiseta,Papel / Plástico,Aterro,Não,Não,
João,Casca de ovo,Orgânico,Aterro,Sim,Sim,
João,Pote de vidro de azeite,Vidro,Reciclagem,Sim,Sim,
João,Taça de vinho / Copo quebrado,Vidro,Reciclagem,Não,Não,
João,Filtro de café,Papel + orgânico,Aterro,Não,Não,
João,Saco de arroz,Plástico,Reciclagem,Sim,Sim,
João,Saco de feijão,Plástico,Reciclagem,Sim,Sim,
João,Pote de maionese,Plástico,Reciclagem,Não,Não,
João,Plástico da lasanha,Plástico,Reciclagem,Não,Não,
João,Plástico do queijo,Plástico,Reciclagem,Não,Não,
João,Plástico do presunto,Plástico,Reciclagem,Não,Não,
Dani,Tubo de Papel Higiênico,Papelão,Aterro,TRUE,Sim,
Dani,Embalagem de hidratante,Plástico,Reciclagem,TRUE,Sim,
Dani,Embalagem de shampoo,Plástico,Reciclagem,TRUE,Sim,
Dani,Embalagem pasta de dente,Plástico,Reciclagem,TRUE,Sim,
Dani,Caixas de remedio ,Papelão,Reciclagem,TRUE,Sim,
Dani,Bulas de remédio,Papel,Reciclagem,FALSE,Sim,
Dani,Cartela de comprimido,"Plástico, Alumínio",Aterro,TRUE,Sim,
Dani,Fita adesiva para fechar embalagens,Plástico,Aterro,FALSE,Sim,
Dani,Embalagens de congelados,Plástico,Reciclagem,TRUE,Não,
Dani,Pacotes de bolachas e salgados,Plástico,Reciclagem,TRUE,Sim,
Dani,Isopor,Isopor,Reciclagem,TRUE,Sim,
Dani,Caixa tetra pak,Papelão,Reciclagem,TRUE,Não,
Dani,Embalagem de bolacha,Plástico,Reciclagem,TRUE,Não,
Dani,Separador de bolacha em porções,Plástico,Reciclagem,FALSE,Não,
Dani,Sacos de pão,Papel,Reciclagem,TRUE,Sim,
Dani,"Garrafas de condimentos (shoyu, vinagre, etc)",Plástico,Reciclagem,TRUE,Não,
Dani,Papel higiênico,Papel,Aterro,TRUE,Não,
Dani,Absorvente,Plástico + algodão,Aterro,TRUE,Não,
Dani,Cotonete,Plástico + algodão,Aterro,TRUE,Não,
Dani,Escova de dente,Plástico,Aterro,TRUE,Não,
Dani,Esponja de cozinha,Poliuretano e Poliéster,Aterro,TRUE,Sim,
Dani,Papel Toalha,Papel,Aterro,FALSE,Não,
Dani,Pano de limpeza usado (segundo uso),Fibras mistas,Aterro,TRUE,Sim,
Dani,Filtro de cafe com a borra,Papel + orgânico,Aterro,FALSE,Sim,
Dani,Saquinho de chá,Papel + orgânico,Aterro,FALSE,Não,
Dani,Frasco de Remédio,vidro,Reciclagem,TRUE,Não,
Dani,Embalagem de pomada,Metal + Plástico,Aterro,TRUE,Não,
Dani,Sacola plástica para o lixo,Plástico,Aterro ou reciclagem,TRUE,Não,
Dani,"Panfletos, flyers e correspondência",Papel,Reciclagem,FALSE,Não,
Dani,Magipak,Plástico,Reciclagem,FALSE,Não,
Dani,Copo,Plástico,Reciclagem,FALSE,Não,
Dani,Papelao de batata frita ,Papelão,Reciclagem,FALSE,Não,
Dani,Guardanapo,Papel,Aterro,FALSE,Não,
Dani,Caixa de pizza,Papelão,Reciclagem,FALSE,Não,
Dani,Saco de correspondencia,Plástico,Reciclagem,FALSE,Não,
Dani,Embalagem de Bombom,Plástico,Reciclagem,FALSE,Não,
Dani,Embalagem de Produto de limpeza,Plástico,Reciclagem,FALSE,Não,